<?xml version="1.0" encoding="UTF-8"?>
<beans xmlns="http://www.springframework.org/schema/beans"
	xmlns:xsi="http://www.w3.org/2001/XMLSchema-instance"
	xsi:schemaLocation="http://www.springframework.org/schema/beans http://www.springframework.org/schema/beans/spring-beans.xsd">

	<bean id="savingAccount" class="com.mkj.beans.Accounts" autowire="byName">
		<property name="accountNumber" value="123"></property>
		<property name="minBalance" value="200"></property>
		<property name="balance" value="5000"></property>
		<property name="accountHolderName" value="Suresh"></property>
	</bean>
	
	<bean id="policy" class="com.mkj.beans.Policy">
		<constructor-arg name="amount" value="1000"/>
		<constructor-arg name="policyName" value="medicalPolicy"></constructor-arg>
	</bean>
	<bean id="retirementPolicy" class="com.mkj.beans.Policy">
		<constructor-arg name="amount" value="15000"/>
		<constructor-arg name="policyName" value="Retirement-Policy"></constructor-arg>
	</bean>
	

</beans>
