<?xml version="1.0" encoding="UTF-8"?>
<beans xmlns="http://www.springframework.org/schema/beans"
	xmlns:xsi="http://www.w3.org/2001/XMLSchema-instance"
	xsi:schemaLocation="http://www.springframework.org/schema/beans http://www.springframework.org/schema/beans/spring-beans.xsd">

	<bean id="savingAccount" class="com.mkj.beans.Accounts">
		<property name="accountNumber" value="123"></property>
		<property name="minBalance" value="10000"></property>
		<property name="balance" value="50000"></property>
		<property name="accountHolderName" value="ramesh"></property>
		<!-- <property name="policy" ref="policy-1"></property> -->
	</bean>
	
	<bean id="policy-1" class="com.mkj.beans.Policy">
		<constructor-arg name="amount" value="10000"/>
		<constructor-arg name="policyName" value="medicalPolicy"></constructor-arg>
	</bean>

</beans>
